transaction_id,account_id,ticker,transaction_type,transaction_date,quantity,price_per_share,total_amount,cost_basis_method,status
TXN0001,ACC007,MSFT,SELL,2020-03-06,82,133.5,10947.0,FIFO,PROCESSED
TXN0002,ACC042,NVDA,BUY,2022-07-08,12,,,SPEC_ID,PROCESSED
TXN0003,ACC022,TSLA,BUY,2021-03-16,36,657.07,23654.52,FIFO,PROCESSED
TXN0004,ACC003,JPM,BUY,2022-02-14,14,119.56,1673.84,FIFO,PROCESSED
TXN0005,ACC013,MSFT,BUY,2023-09-16,71,269.88,19161.48,FIFO,PROCESSED
TXN0006,ACC018,JPM,SELL,2020-11-29,99,267.04,26436.96,FIFO,PROCESSED
TXN0007,ACC039,GOOGL,BUY,2020-11-30,46,207.13,9527.98,LIFO,PROCESSED
TXN0008,ACC021,AAPL,BUY,2024-08-10,49,252.46,12370.54,FIFO,ERROR
TXN0009,ACC046,META,BUY,2023-09-04,41,350.87,14385.67,LIFO,PROCESSED
TXN0010,ACC048,TSLA,SELL,2023-04-10,51,713.51,36389.01,LIFO,PROCESSED
TXN0011,ACC004,MSFT,BUY,2023-07-09,47,214.49,10081.03,FIFO,ERROR
TXN0012,ACC034,TSLA,BUY,2023-10-25,88,366.62,32262.56,FIFO,PROCESSED
TXN0013,ACC019,NVDA,BUY,2022-07-18,88,713.59,62795.92,FIFO,PROCESSED
TXN0014,ACC007,TSLA,BUY,2020-11-09,93,706.89,65740.77,FIFO,PROCESSED
TXN0015,ACC039,META,SELL,2020-02-09,98,171.16,16773.68,FIFO,ERROR
TXN0016,ACC037,MSFT,BUY,2024-02-07,47,709.04,33324.88,LIFO,PENDING
TXN0017,ACC036,GOOGL,SELL,2022-12-16,9,783.49,7051.41,SPEC_ID,PROCESSED
TXN0018,ACC046,TSLA,SELL,2023-10-07,55,773.27,42529.85,FIFO,ERROR
TXN0019,ACC002,AMZN,BUY,2020-01-15,57,724.71,41308.47,FIFO,PROCESSED
TXN0020,ACC005,AMZN,SELL,2023-10-02,91,523.33,47623.03,LIFO,PROCESSED
TXN0021,ACC016,JPM,SELL,2021-01-24,28,454.43,12724.04,FIFO,PROCESSED
TXN0022,ACC004,MSFT,BUY,2022-04-04,13,544.24,7075.12,FIFO,PROCESSED
TXN0023,ACC018,JPM,BUY,2024-11-25,14,236.49,3310.86,FIFO,PROCESSED
TXN0024,ACC035,AAPL,BUY,2024-03-23,57,656.02,37393.14,FIFO,PENDING
TXN0025,ACC011,NVDA,BUY,2022-03-10,22,354.81,7805.82,FIFO,PROCESSED
TXN0026,ACC043,JPM,BUY,2021-01-23,59,263.94,15572.46,FIFO,PROCESSED
TXN0027,ACC004,AAPL,SELL,2022-10-26,28,776.53,21742.84,SPEC_ID,PROCESSED
TXN0028,ACC005,AMZN,SELL,2020-09-02,21,92.66,1945.86,SPEC_ID,PROCESSED
TXN0029,ACC037,META,SELL,2021-02-22,32,484.19,15494.08,FIFO,PROCESSED
TXN0030,ACC049,MSFT,BUY,2022-07-27,31,249.21,7725.51,SPEC_ID,PROCESSED
TXN0031,ACC023,MSFT,BUY,2022-01-26,73,797.07,58186.11,FIFO,PROCESSED
TXN0032,ACC042,AAPL,SELL,2023-09-20,21,378.64,7951.44,FIFO,PROCESSED
TXN0033,ACC019,AMZN,SELL,2021-02-20,18,248.35,4470.3,FIFO,PENDING
TXN0034,ACC028,TSLA,BUY,2020-01-08,65,416.4,27066.0,FIFO,PENDING
TXN0035,ACC046,NVDA,BUY,2020-08-17,99,148.11,14662.89,FIFO,ERROR
TXN0036,ACC010,NVDA,BUY,2020-03-26,89,727.95,64787.55,FIFO,PROCESSED
TXN0037,ACC014,AMZN,BUY,2021-12-25,47,724.24,34039.28,SPEC_ID,PROCESSED
TXN0038,ACC011,GOOGL,SELL,2020-02-20,53,780.38,41360.14,FIFO,PROCESSED
TXN0039,ACC048,AMZN,SELL,2020-11-22,95,743.37,70620.15,FIFO,PROCESSED
TXN0040,ACC030,META,SELL,2024-08-07,49,704.13,34502.37,FIFO,PENDING
TXN0041,ACC050,TSLA,SELL,2023-08-06,29,67.75,1964.75,SPEC_ID,PROCESSED
TXN0042,ACC017,GOOGL,SELL,2020-03-19,0,559.64,0.0,FIFO,PENDING
TXN0043,ACC033,MSFT,SELL,2023-03-26,77,375.92,28945.84,FIFO,PROCESSED
TXN0044,ACC044,AMZN,SELL,2022-06-02,33,83.29,2748.57,FIFO,PROCESSED
TXN0045,ACC020,TSLA,SELL,2021-10-30,86,740.58,63689.88,LIFO,PROCESSED
TXN0046,ACC044,GOOGL,SELL,2022-04-11,90,271.74,24456.6,SPEC_ID,PROCESSED
TXN0047,ACC021,JPM,SELL,2022-06-24,1,277.91,277.91,FIFO,PROCESSED
TXN0048,ACC006,TSLA,SELL,2020-07-10,66,404.89,26722.74,FIFO,PENDING
TXN0049,ACC031,MSFT,SELL,2022-04-28,87,282.81,24604.47,SPEC_ID,PENDING
TXN0050,ACC045,AAPL,BUY,2024-05-13,25,588.76,14719.0,LIFO,PROCESSED
TXN0051,ACC016,MSFT,SELL,2020-09-30,29,181.92,5275.68,LIFO,ERROR
TXN0052,ACC029,NVDA,SELL,2020-11-21,86,448.35,38558.1,LIFO,PROCESSED
TXN0053,ACC034,JPM,BUY,2021-07-16,58,244.39,14174.62,LIFO,PROCESSED
TXN0054,ACC006,GOOGL,BUY,2021-04-18,10,585.16,5851.6,LIFO,PROCESSED
TXN0055,ACC030,NVDA,BUY,2021-02-27,89,164.6,14649.4,LIFO,PROCESSED
TXN0056,ACC049,NVDA,SELL,2020-01-13,50,728.63,36431.5,FIFO,PROCESSED
TXN0057,ACC048,AMZN,SELL,2021-03-25,39,615.11,23989.29,FIFO,PENDING
TXN0058,ACC047,GOOGL,SELL,2020-09-18,56,414.23,23196.88,SPEC_ID,PROCESSED
TXN0059,ACC042,NVDA,BUY,2024-11-10,0,70.22,0.0,LIFO,PROCESSED
TXN0060,ACC049,NVDA,SELL,2024-03-20,24,87.71,2105.04,LIFO,PROCESSED
TXN0061,ACC023,AMZN,BUY,2024-05-18,33,676.18,22313.94,FIFO,PROCESSED
TXN0062,ACC016,GOOGL,SELL,2023-10-03,97,73.27,7107.19,FIFO,PROCESSED
TXN0063,ACC039,MSFT,BUY,2021-09-29,73,760.82,55539.86,FIFO,PROCESSED
TXN0064,ACC026,AMZN,BUY,2023-04-27,75,69.26,5194.5,FIFO,PROCESSED
TXN0065,ACC037,AAPL,SELL,2022-12-27,14,572.89,8020.46,LIFO,PROCESSED
TXN0066,ACC032,MSFT,SELL,2022-01-11,85,327.93,27874.05,LIFO,PROCESSED
TXN0067,ACC040,JPM,SELL,2022-06-11,91,164.74,14991.34,SPEC_ID,PROCESSED
TXN0068,ACC029,AMZN,SELL,2023-03-13,35,291.73,10210.55,SPEC_ID,PROCESSED
TXN0069,ACC014,META,SELL,2021-11-28,86,334.24,28744.64,FIFO,PROCESSED
TXN0070,ACC006,AMZN,SELL,2022-09-27,77,,,SPEC_ID,PROCESSED
TXN0071,ACC002,MSFT,SELL,2021-03-29,98,230.24,22563.52,LIFO,PROCESSED
TXN0072,ACC023,NVDA,SELL,2021-12-21,89,232.48,20690.72,LIFO,PROCESSED
TXN0073,ACC048,GOOGL,BUY,2021-03-19,35,279.97,9798.95,LIFO,PROCESSED
TXN0074,ACC007,AMZN,SELL,2021-04-10,36,593.44,21363.84,FIFO,ERROR
TXN0075,ACC004,TSLA,BUY,2023-07-30,23,276.7,6364.1,LIFO,PROCESSED
TXN0076,ACC012,AAPL,SELL,2024-10-30,14,704.54,9863.56,LIFO,PROCESSED
TXN0077,ACC004,GOOGL,BUY,2024-07-19,15,666.59,9998.85,SPEC_ID,PROCESSED
TXN0078,ACC039,AMZN,SELL,2022-07-11,39,113.89,4441.71,LIFO,PROCESSED
TXN0079,ACC040,MSFT,BUY,2023-07-05,39,695.12,27109.68,FIFO,ERROR
TXN0080,ACC001,NVDA,SELL,2023-11-12,34,545.32,18540.88,SPEC_ID,PROCESSED
TXN0081,ACC030,MSFT,BUY,2021-06-25,61,268.44,16374.84,SPEC_ID,PROCESSED
TXN0082,ACC010,TSLA,BUY,2020-05-26,85,652.93,55499.05,FIFO,PROCESSED
TXN0083,ACC029,MSFT,SELL,2023-11-11,22,644.47,14178.34,FIFO,PROCESSED
TXN0084,ACC039,AAPL,SELL,2024-02-13,90,351.88,31669.2,FIFO,PROCESSED
TXN0085,ACC037,AAPL,SELL,2023-03-26,78,237.78,18546.84,FIFO,PROCESSED
TXN0086,ACC012,NVDA,SELL,2020-07-05,98,617.2,60485.6,LIFO,PROCESSED
TXN0087,ACC027,JPM,SELL,2023-09-18,45,356.26,16031.7,LIFO,PROCESSED
TXN0088,ACC050,NVDA,BUY,2023-09-08,98,462.57,45331.86,SPEC_ID,PROCESSED
TXN0089,ACC041,JPM,BUY,2021-02-20,60,359.94,21596.4,FIFO,PROCESSED
TXN0090,ACC002,AMZN,BUY,2021-09-28,71,148.26,10526.46,SPEC_ID,PROCESSED
TXN0091,ACC030,MSFT,BUY,2022-10-17,2,464.19,928.38,FIFO,PROCESSED
TXN0092,ACC030,GOOGL,SELL,2021-01-25,66,579.06,38217.96,SPEC_ID,PROCESSED
TXN0093,ACC027,META,SELL,2024-08-07,66,609.72,40241.52,FIFO,PROCESSED
TXN0094,ACC010,JPM,SELL,2021-12-07,37,594.54,21997.98,FIFO,PENDING
TXN0095,ACC045,AMZN,SELL,2021-04-23,71,622.15,44172.65,LIFO,PROCESSED
TXN0096,ACC043,GOOGL,SELL,2020-03-16,6,288.63,1731.78,FIFO,PROCESSED
TXN0097,ACC007,JPM,BUY,2024-01-19,65,774.02,50311.3,FIFO,PROCESSED
TXN0098,ACC017,META,SELL,2023-08-23,53,703.2,37269.6,FIFO,ERROR
TXN0099,ACC046,JPM,BUY,2023-06-18,43,689.26,29638.18,FIFO,PENDING
TXN0100,ACC028,MSFT,BUY,2022-06-27,31,523.37,16224.47,FIFO,ERROR
TXN0101,ACC023,META,SELL,2020-10-25,89,274.6,24439.4,FIFO,PROCESSED
TXN0102,ACC040,NVDA,BUY,2022-10-16,68,359.04,24414.72,SPEC_ID,PROCESSED
TXN0103,ACC030,TSLA,BUY,2020-05-31,19,224.14,4258.66,LIFO,PROCESSED
TXN0104,ACC030,TSLA,BUY,2022-02-26,45,790.74,35583.3,LIFO,PROCESSED
TXN0105,ACC019,AAPL,SELL,2021-07-16,14,227.9,3190.6,FIFO,PROCESSED
TXN0106,ACC048,JPM,SELL,2024-05-07,73,698.8,51012.4,FIFO,PROCESSED
TXN0107,ACC049,GOOGL,BUY,2023-07-09,78,651.45,50813.1,FIFO,PROCESSED
TXN0108,ACC019,META,SELL,2020-12-25,40,641.46,25658.4,FIFO,PROCESSED
TXN0109,ACC018,GOOGL,SELL,2024-08-15,17,639.88,10877.96,LIFO,PENDING
TXN0110,ACC010,AMZN,SELL,2024-09-28,38,609.92,23176.96,SPEC_ID,PROCESSED
TXN0111,ACC024,TSLA,SELL,2024-08-11,47,117.73,5533.31,FIFO,PROCESSED
TXN0112,ACC021,AMZN,BUY,2023-07-25,14,556.13,7785.82,LIFO,PROCESSED
TXN0113,ACC020,JPM,BUY,2020-07-18,90,276.64,24897.6,FIFO,PROCESSED
TXN0114,ACC035,NVDA,BUY,2024-12-18,69,151.75,10470.75,LIFO,PROCESSED
TXN0115,ACC003,META,BUY,2022-06-27,84,124.27,10438.68,LIFO,PROCESSED
TXN0116,ACC042,META,BUY,2022-03-26,31,691.59,21439.29,FIFO,PROCESSED
TXN0117,ACC014,AAPL,BUY,2024-05-30,25,776.16,19404.0,FIFO,ERROR
TXN0118,ACC036,AMZN,BUY,2024-07-23,32,791.62,25331.84,FIFO,PROCESSED
TXN0119,ACC010,GOOGL,SELL,2024-06-23,43,630.78,27123.54,FIFO,PROCESSED
TXN0120,ACC016,META,BUY,2020-12-22,15,,,FIFO,PROCESSED
TXN0121,ACC029,META,BUY,2022-07-14,7,145.07,1015.49,SPEC_ID,PROCESSED
TXN0122,ACC034,TSLA,SELL,2023-08-10,29,759.06,22012.74,FIFO,PROCESSED
TXN0123,ACC046,JPM,BUY,2020-06-14,8,798.94,6391.52,FIFO,PENDING
TXN0124,ACC046,META,SELL,2023-05-08,78,161.25,12577.5,SPEC_ID,PROCESSED
TXN0125,ACC042,AMZN,SELL,2022-07-13,38,390.29,14831.02,FIFO,PROCESSED
TXN0126,ACC028,META,SELL,2022-02-05,53,304.2,16122.6,FIFO,PROCESSED
TXN0127,ACC007,META,BUY,2023-02-13,88,742.24,65317.12,FIFO,PROCESSED
TXN0128,ACC043,NVDA,BUY,2021-08-12,76,767.47,58327.72,SPEC_ID,PROCESSED
TXN0129,ACC015,MSFT,SELL,2024-09-27,40,313.73,12549.2,SPEC_ID,PROCESSED
TXN0130,ACC036,AAPL,SELL,2020-02-29,48,136.16,6535.68,FIFO,PROCESSED
TXN0131,ACC010,NVDA,BUY,2020-10-17,0,577.02,0.0,FIFO,PROCESSED
TXN0132,ACC024,TSLA,SELL,2024-05-09,12,609.58,7314.96,SPEC_ID,PROCESSED
TXN0133,ACC044,MSFT,SELL,2022-06-26,77,113.72,8756.44,LIFO,PROCESSED
TXN0134,ACC023,NVDA,BUY,2021-08-03,63,505.31,31834.53,SPEC_ID,PROCESSED
TXN0135,ACC004,AAPL,BUY,2021-09-09,63,445.2,28047.6,FIFO,PROCESSED
TXN0136,ACC048,NVDA,BUY,2020-09-21,0,152.93,0.0,LIFO,PROCESSED
TXN0137,ACC005,NVDA,BUY,2022-06-12,69,577.75,39864.75,FIFO,PROCESSED
TXN0138,ACC046,NVDA,SELL,2020-08-23,59,740.87,43711.33,LIFO,PENDING
TXN0139,ACC045,META,BUY,2022-06-13,3,774.65,2323.95,FIFO,PROCESSED
TXN0140,ACC048,META,BUY,2021-11-13,32,376.76,12056.32,FIFO,PROCESSED
TXN0141,ACC023,META,BUY,2021-04-28,10,432.86,4328.6,FIFO,PROCESSED
TXN0142,ACC005,GOOGL,SELL,2022-08-08,19,241.98,4597.62,SPEC_ID,PROCESSED
TXN0143,ACC040,META,SELL,2020-11-05,98,484.6,47490.8,LIFO,PROCESSED
TXN0144,ACC023,MSFT,SELL,2022-08-03,9,401.69,3615.21,LIFO,PROCESSED
TXN0145,ACC006,NVDA,SELL,2023-04-03,5,92.67,463.35,SPEC_ID,PENDING
TXN0146,ACC021,JPM,BUY,2020-05-06,95,721.91,68581.45,LIFO,PROCESSED
TXN0147,ACC042,GOOGL,BUY,2021-05-22,14,658.23,9215.22,LIFO,PENDING
TXN0148,ACC025,NVDA,SELL,2023-10-22,57,443.05,25253.85,SPEC_ID,PROCESSED
TXN0149,ACC044,NVDA,SELL,2021-05-31,7,641.92,4493.44,SPEC_ID,PROCESSED
TXN0150,ACC042,NVDA,BUY,2023-05-03,20,300.02,6000.4,FIFO,PROCESSED
TXN0151,ACC045,MSFT,SELL,2022-11-07,40,469.19,18767.6,FIFO,PROCESSED
TXN0152,ACC032,AMZN,BUY,2020-10-08,3,321.95,965.85,FIFO,PROCESSED
TXN0153,ACC048,AAPL,SELL,2024-11-29,10,271.84,2718.4,SPEC_ID,PROCESSED
TXN0154,ACC040,GOOGL,SELL,2020-03-30,17,497.93,8464.81,LIFO,PROCESSED
TXN0155,ACC048,JPM,BUY,2022-12-29,47,557.27,26191.69,FIFO,PROCESSED
TXN0156,ACC044,JPM,SELL,2024-04-24,40,774.2,30968.0,FIFO,PROCESSED
TXN0157,ACC039,GOOGL,SELL,2020-04-16,100,336.4,33640.0,LIFO,PROCESSED
TXN0158,ACC019,MSFT,BUY,2021-07-12,48,465.91,22363.68,LIFO,PROCESSED
TXN0159,ACC029,META,BUY,2022-04-29,66,160.51,10593.66,FIFO,PROCESSED
TXN0160,ACC002,META,BUY,2024-09-14,51,426.51,21752.01,FIFO,PROCESSED
TXN0161,ACC009,JPM,SELL,2023-06-14,19,153.2,2910.8,FIFO,PROCESSED
TXN0162,ACC039,NVDA,BUY,2024-05-08,11,64.25,706.75,FIFO,PROCESSED
TXN0163,ACC030,MSFT,BUY,2024-09-09,31,275.86,8551.66,LIFO,PROCESSED
TXN0164,ACC019,NVDA,BUY,2023-06-13,77,452.04,34807.08,FIFO,PROCESSED
TXN0165,ACC024,MSFT,BUY,2022-03-10,31,478.0,14818.0,LIFO,PROCESSED
TXN0166,ACC005,META,BUY,2024-02-10,0,526.75,0.0,FIFO,ERROR
TXN0167,ACC022,GOOGL,SELL,2023-11-25,99,486.43,48156.57,LIFO,PROCESSED
TXN0168,ACC003,TSLA,BUY,2020-03-30,81,186.71,15123.51,FIFO,PROCESSED
TXN0169,ACC031,TSLA,BUY,2024-03-22,6,286.7,1720.2,FIFO,PROCESSED
TXN0170,ACC008,META,SELL,2024-12-26,37,317.73,11756.01,LIFO,PROCESSED
TXN0171,ACC045,JPM,SELL,2024-06-20,96,379.8,36460.8,SPEC_ID,ERROR
TXN0172,ACC012,TSLA,SELL,2020-07-29,35,650.86,22780.1,FIFO,PROCESSED
TXN0173,ACC045,JPM,SELL,2022-07-04,42,545.69,22918.98,FIFO,PROCESSED
TXN0174,ACC004,MSFT,SELL,2022-01-14,94,702.53,66037.82,SPEC_ID,PROCESSED
TXN0175,ACC029,AAPL,BUY,2020-05-17,96,559.56,53717.76,FIFO,ERROR
TXN0176,ACC010,JPM,SELL,2022-01-31,100,533.87,53387.0,LIFO,PROCESSED
TXN0177,ACC018,AMZN,BUY,2020-02-23,98,107.66,10550.68,FIFO,PROCESSED
TXN0178,ACC046,JPM,BUY,2023-06-07,64,438.31,28051.84,FIFO,PENDING
TXN0179,ACC029,GOOGL,SELL,2020-06-28,89,737.36,65625.04,FIFO,PROCESSED
TXN0180,ACC011,GOOGL,SELL,2022-11-07,86,310.57,26709.02,FIFO,PROCESSED
TXN0181,ACC024,META,SELL,2024-07-03,16,788.85,12621.6,SPEC_ID,PROCESSED
TXN0182,ACC047,JPM,SELL,2024-04-24,17,508.96,8652.32,LIFO,PROCESSED
TXN0183,ACC044,META,BUY,2024-12-03,74,105.31,7792.94,SPEC_ID,ERROR
TXN0184,ACC004,MSFT,BUY,2021-09-14,82,490.84,40248.88,FIFO,PROCESSED
TXN0185,ACC019,MSFT,SELL,2021-02-06,21,292.0,6132.0,SPEC_ID,PROCESSED
TXN0186,ACC011,GOOGL,BUY,2023-09-11,36,143.88,5179.68,SPEC_ID,PROCESSED
TXN0187,ACC002,MSFT,BUY,2023-08-06,93,726.5,67564.5,SPEC_ID,PROCESSED
TXN0188,ACC032,TSLA,SELL,2022-09-16,34,538.35,18303.9,FIFO,PROCESSED
TXN0189,ACC027,JPM,SELL,2021-02-21,88,354.57,31202.16,FIFO,PROCESSED
TXN0190,ACC023,NVDA,BUY,2024-04-06,78,157.75,12304.5,FIFO,PENDING
TXN0191,ACC016,GOOGL,BUY,2020-04-13,66,471.24,31101.84,FIFO,PROCESSED
TXN0192,ACC021,META,BUY,2024-04-11,50,698.12,34906.0,FIFO,PROCESSED
TXN0193,ACC006,NVDA,SELL,2021-05-08,64,796.98,51006.72,FIFO,PROCESSED
TXN0194,ACC042,JPM,SELL,2023-01-04,75,314.67,23600.25,FIFO,PROCESSED
TXN0195,ACC024,AAPL,SELL,2020-04-14,14,373.2,5224.8,SPEC_ID,PENDING
TXN0196,ACC049,TSLA,BUY,2020-09-20,72,195.99,14111.28,FIFO,PROCESSED
TXN0197,ACC010,AMZN,SELL,2022-10-21,51,329.9,16824.9,FIFO,ERROR
TXN0198,ACC010,GOOGL,SELL,2023-06-09,6,79.19,475.14,FIFO,PROCESSED
TXN0199,ACC033,JPM,SELL,2022-08-30,21,344.72,7239.12,FIFO,PROCESSED
TXN0200,ACC047,AAPL,SELL,2021-06-27,48,298.43,14324.64,SPEC_ID,PROCESSED
TXN0201,ACC047,NVDA,BUY,2024-08-09,74,220.66,16328.84,FIFO,PROCESSED
TXN0202,ACC027,GOOGL,SELL,2023-11-15,5,479.43,2397.15,FIFO,PROCESSED
TXN0203,ACC047,AAPL,BUY,2022-11-28,53,426.36,22597.08,FIFO,PROCESSED
TXN0204,ACC012,JPM,SELL,2023-01-23,72,293.79,21152.88,FIFO,PROCESSED
TXN0205,ACC040,JPM,BUY,2021-05-19,87,628.99,54722.13,FIFO,PROCESSED
TXN0206,ACC046,AMZN,SELL,2021-10-11,72,273.87,19718.64,LIFO,ERROR
TXN0207,ACC037,NVDA,SELL,2024-08-03,45,470.37,21166.65,FIFO,ERROR
TXN0208,ACC023,JPM,SELL,2024-03-10,99,653.46,64692.54,LIFO,PROCESSED
TXN0209,ACC009,MSFT,BUY,2021-05-11,28,201.55,5643.4,FIFO,PROCESSED
TXN0210,ACC022,JPM,BUY,2023-10-27,86,728.89,62684.54,FIFO,PROCESSED
TXN0211,ACC031,JPM,BUY,2024-03-28,1,773.39,773.39,FIFO,ERROR
TXN0212,ACC015,AAPL,BUY,2022-05-05,42,264.06,11090.52,FIFO,PROCESSED
TXN0213,ACC019,AAPL,BUY,2021-09-03,5,797.88,3989.4,SPEC_ID,PROCESSED
TXN0214,ACC035,JPM,BUY,2024-10-08,78,130.48,10177.44,SPEC_ID,ERROR
TXN0215,ACC042,TSLA,BUY,2020-01-29,60,254.63,15277.8,FIFO,PENDING
TXN0216,ACC026,NVDA,SELL,2020-06-26,38,475.84,18081.92,LIFO,PROCESSED
TXN0217,ACC001,TSLA,SELL,2021-04-27,86,121.54,10452.44,LIFO,ERROR
TXN0218,ACC017,META,BUY,2020-05-07,97,250.25,24274.25,FIFO,PROCESSED
TXN0219,ACC046,TSLA,BUY,2023-08-01,60,280.1,16806.0,FIFO,PROCESSED
TXN0220,ACC048,META,SELL,2023-12-08,48,510.97,24526.56,SPEC_ID,PROCESSED
TXN0221,ACC044,MSFT,SELL,2022-12-17,61,618.01,37698.61,FIFO,PENDING
TXN0222,ACC013,GOOGL,BUY,2021-11-02,10,737.93,7379.3,SPEC_ID,PROCESSED
TXN0223,ACC033,JPM,BUY,2022-07-17,57,137.18,7819.26,FIFO,PROCESSED
TXN0224,ACC020,AAPL,SELL,2021-06-05,66,361.57,23863.62,FIFO,PROCESSED
TXN0225,ACC035,AAPL,BUY,2022-08-24,96,213.43,20489.28,FIFO,PROCESSED
TXN0226,ACC042,NVDA,SELL,2024-12-30,37,356.65,13196.05,LIFO,PROCESSED
TXN0227,ACC043,GOOGL,SELL,2020-08-30,58,702.22,40728.76,FIFO,PENDING
TXN0228,ACC049,AAPL,SELL,2022-08-06,69,344.79,23790.51,SPEC_ID,PROCESSED
TXN0229,ACC018,AMZN,BUY,2020-03-06,55,448.95,24692.25,LIFO,PENDING
TXN0230,ACC007,AAPL,SELL,2023-05-09,79,,,FIFO,PENDING
TXN0231,ACC050,AAPL,BUY,2022-10-28,32,605.41,19373.12,FIFO,PROCESSED
TXN0232,ACC044,META,BUY,2021-09-10,30,661.84,19855.2,FIFO,PROCESSED
TXN0233,ACC038,GOOGL,SELL,2023-02-12,85,440.94,37479.9,LIFO,PROCESSED
TXN0234,ACC021,NVDA,SELL,2020-11-01,7,779.22,5454.54,FIFO,ERROR
TXN0235,ACC046,GOOGL,SELL,2020-04-28,49,187.91,9207.59,SPEC_ID,PROCESSED
TXN0236,ACC014,META,BUY,2022-07-10,53,775.84,41119.52,FIFO,PROCESSED
TXN0237,ACC039,AAPL,BUY,2021-01-20,12,451.73,5420.76,SPEC_ID,PENDING
TXN0238,ACC020,AAPL,BUY,2021-01-24,93,553.59,51483.87,FIFO,PROCESSED
TXN0239,ACC014,NVDA,BUY,2023-02-04,96,799.68,76769.28,FIFO,PROCESSED
TXN0240,ACC024,JPM,SELL,2020-07-20,100,262.29,26229.0,LIFO,PROCESSED
TXN0241,ACC037,AMZN,BUY,2020-02-03,98,679.8,66620.4,FIFO,PENDING
TXN0242,ACC022,AMZN,SELL,2023-03-12,71,751.07,53325.97,FIFO,PROCESSED
TXN0243,ACC032,JPM,SELL,2020-12-10,64,462.98,29630.72,FIFO,ERROR
TXN0244,ACC042,AAPL,BUY,2024-09-14,22,154.97,3409.34,FIFO,PROCESSED
TXN0245,ACC005,GOOGL,BUY,2021-03-23,86,86.39,7429.54,SPEC_ID,PROCESSED
TXN0246,ACC031,JPM,BUY,2020-01-14,59,329.9,19464.1,SPEC_ID,PROCESSED
TXN0247,ACC019,AAPL,SELL,2024-07-09,71,358.5,25453.5,FIFO,PROCESSED
TXN0248,ACC017,META,SELL,2024-06-16,14,738.54,10339.56,LIFO,PROCESSED
TXN0249,ACC015,TSLA,BUY,2023-08-31,11,329.79,3627.69,FIFO,PROCESSED
TXN0250,ACC045,GOOGL,BUY,2022-10-20,12,353.96,4247.52,LIFO,PROCESSED
TXN0251,ACC034,AAPL,BUY,2021-03-08,83,638.28,52977.24,SPEC_ID,PROCESSED
TXN0252,ACC035,AAPL,BUY,2024-10-07,61,253.32,15452.52,FIFO,ERROR
TXN0253,ACC026,MSFT,SELL,2020-11-28,3,771.1,2313.3,SPEC_ID,PROCESSED
TXN0254,ACC025,GOOGL,BUY,2022-10-22,31,475.02,14725.62,FIFO,PENDING
TXN0255,ACC040,NVDA,SELL,2020-03-01,7,123.26,862.82,FIFO,PROCESSED
TXN0256,ACC044,NVDA,BUY,2024-04-30,58,417.95,24241.1,SPEC_ID,PROCESSED
TXN0257,ACC046,GOOGL,SELL,2021-10-10,38,648.54,24644.52,FIFO,PROCESSED
TXN0258,ACC007,GOOGL,BUY,2021-01-18,14,118.64,1660.96,LIFO,ERROR
TXN0259,ACC036,MSFT,SELL,2024-11-03,58,467.74,27128.92,LIFO,PROCESSED
TXN0260,ACC016,GOOGL,SELL,2020-12-13,2,268.89,537.78,FIFO,PROCESSED
TXN0261,ACC027,TSLA,SELL,2024-05-21,35,275.85,9654.75,FIFO,PROCESSED
TXN0262,ACC013,JPM,BUY,2020-10-04,47,238.77,11222.19,FIFO,PROCESSED
TXN0263,ACC022,JPM,SELL,2022-05-31,1,761.62,761.62,SPEC_ID,PROCESSED
TXN0264,ACC012,NVDA,SELL,2021-08-19,18,275.33,4955.94,LIFO,PROCESSED
TXN0265,ACC024,MSFT,BUY,2023-04-27,74,636.48,47099.52,SPEC_ID,PROCESSED
TXN0266,ACC046,AMZN,SELL,2024-06-21,24,561.28,13470.72,FIFO,PROCESSED
TXN0267,ACC009,TSLA,BUY,2021-06-01,89,101.87,9066.43,FIFO,PENDING
TXN0268,ACC038,NVDA,SELL,2023-01-18,92,367.35,33796.2,FIFO,PROCESSED
TXN0269,ACC007,AMZN,SELL,2020-12-06,47,576.23,27082.81,SPEC_ID,PENDING
TXN0270,ACC022,NVDA,BUY,2020-01-22,6,472.42,2834.52,FIFO,PROCESSED
TXN0271,ACC015,JPM,SELL,2022-03-12,34,216.5,7361.0,LIFO,PROCESSED
TXN0272,ACC031,MSFT,SELL,2022-05-01,99,559.67,55407.33,FIFO,PROCESSED
TXN0273,ACC014,JPM,SELL,2022-09-02,15,673.49,10102.35,FIFO,PROCESSED
TXN0274,ACC046,MSFT,BUY,2024-10-05,57,591.5,33715.5,FIFO,PROCESSED
TXN0275,ACC034,GOOGL,BUY,2021-11-08,83,132.02,10957.66,SPEC_ID,PENDING
TXN0276,ACC041,NVDA,SELL,2020-02-29,55,768.85,42286.75,SPEC_ID,PROCESSED
TXN0277,ACC018,MSFT,BUY,2024-06-25,26,,,SPEC_ID,PROCESSED
TXN0278,ACC032,META,SELL,2023-06-05,24,324.34,7784.16,LIFO,PROCESSED
TXN0279,ACC044,TSLA,BUY,2023-10-08,76,135.67,10310.92,FIFO,PROCESSED
TXN0280,ACC033,NVDA,SELL,2023-05-06,41,138.4,5674.4,FIFO,PROCESSED
TXN0281,ACC042,GOOGL,BUY,2022-09-29,74,337.78,24995.72,FIFO,PROCESSED
TXN0282,ACC001,JPM,BUY,2021-02-03,18,190.32,3425.76,LIFO,PENDING
TXN0283,ACC029,JPM,BUY,2020-06-18,72,429.08,30893.76,SPEC_ID,PROCESSED
TXN0284,ACC019,GOOGL,SELL,2023-03-04,4,,,LIFO,PROCESSED
TXN0285,ACC024,AAPL,SELL,2023-01-23,71,433.1,30750.1,FIFO,PROCESSED
TXN0286,ACC003,JPM,SELL,2021-12-14,55,126.81,6974.55,FIFO,PENDING
TXN0287,ACC048,META,SELL,2020-12-05,57,698.97,39841.29,SPEC_ID,PROCESSED
TXN0288,ACC035,TSLA,BUY,2021-10-24,18,638.64,11495.52,FIFO,PENDING
TXN0289,ACC007,GOOGL,SELL,2020-05-01,38,479.55,18222.9,FIFO,ERROR
TXN0290,ACC016,NVDA,SELL,2020-10-18,84,145.17,12194.28,SPEC_ID,PENDING
TXN0291,ACC050,MSFT,SELL,2022-11-21,81,251.54,20374.74,FIFO,PROCESSED
TXN0292,ACC001,MSFT,SELL,2023-07-24,89,752.25,66950.25,FIFO,PROCESSED
TXN0293,ACC032,TSLA,SELL,2024-08-23,9,646.76,5820.84,FIFO,PROCESSED
TXN0294,ACC044,AAPL,BUY,2020-07-22,44,460.48,20261.12,LIFO,PROCESSED
TXN0295,ACC028,AMZN,BUY,2024-12-11,0,143.18,0.0,FIFO,PENDING
TXN0296,ACC006,META,BUY,2020-04-16,21,705.82,14822.22,LIFO,PENDING
TXN0297,ACC046,MSFT,BUY,2021-03-13,81,279.13,22609.53,LIFO,PROCESSED
TXN0298,ACC045,META,BUY,2024-10-27,0,149.52,0.0,LIFO,PROCESSED
TXN0299,ACC007,MSFT,SELL,2022-01-22,89,149.13,13272.57,FIFO,PROCESSED
TXN0300,ACC044,GOOGL,BUY,2022-12-22,18,337.04,6066.72,SPEC_ID,PENDING
TXN0301,ACC048,GOOGL,SELL,2023-06-15,2,507.74,1015.48,LIFO,PROCESSED
TXN0302,ACC025,META,SELL,2021-10-06,28,115.02,3220.56,FIFO,PROCESSED
TXN0303,ACC039,TSLA,BUY,2024-10-02,32,257.73,8247.36,FIFO,PROCESSED
TXN0304,ACC004,AMZN,SELL,2022-03-01,27,438.31,11834.37,FIFO,PROCESSED
TXN0305,ACC024,META,BUY,2022-03-03,31,424.69,13165.39,SPEC_ID,PROCESSED
TXN0306,ACC050,MSFT,BUY,2023-04-17,54,324.06,17499.24,FIFO,PROCESSED
TXN0307,ACC033,TSLA,SELL,2022-05-17,2,246.64,493.28,LIFO,PROCESSED
TXN0308,ACC006,AMZN,BUY,2023-01-03,11,530.4,5834.4,FIFO,PROCESSED
TXN0309,ACC020,NVDA,BUY,2020-04-28,51,489.83,24981.33,FIFO,PROCESSED
TXN0310,ACC043,GOOGL,BUY,2020-01-26,12,743.47,8921.64,FIFO,PROCESSED
TXN0311,ACC047,TSLA,BUY,2022-01-31,90,58.51,5265.9,FIFO,PROCESSED
TXN0312,ACC002,META,SELL,2021-07-11,96,635.84,61040.64,SPEC_ID,PROCESSED
TXN0313,ACC033,META,BUY,2022-10-20,9,247.21,2224.89,SPEC_ID,ERROR
TXN0314,ACC047,MSFT,BUY,2024-02-26,22,325.77,7166.94,SPEC_ID,PROCESSED
TXN0315,ACC025,GOOGL,BUY,2024-10-22,1,83.03,83.03,FIFO,PENDING
TXN0316,ACC016,NVDA,SELL,2021-07-09,71,652.34,46316.14,FIFO,PROCESSED
TXN0317,ACC034,AAPL,SELL,2020-05-21,74,329.61,24391.14,LIFO,PROCESSED
TXN0318,ACC024,AMZN,SELL,2023-02-28,37,630.15,23315.55,FIFO,PROCESSED
TXN0319,ACC050,AMZN,BUY,2020-11-04,95,517.04,49118.8,FIFO,PROCESSED
TXN0320,ACC001,META,BUY,2024-04-03,53,67.93,3600.29,LIFO,PROCESSED
TXN0321,ACC032,AAPL,BUY,2023-12-28,95,595.41,56563.95,FIFO,PROCESSED
TXN0322,ACC024,JPM,BUY,2023-04-04,12,82.93,995.16,FIFO,PROCESSED
TXN0323,ACC028,GOOGL,BUY,2021-08-20,65,150.14,9759.1,FIFO,PENDING
TXN0324,ACC029,TSLA,BUY,2020-06-01,41,744.53,30525.73,FIFO,PROCESSED
TXN0325,ACC030,META,SELL,2020-09-04,18,634.95,11429.1,SPEC_ID,PROCESSED
TXN0326,ACC008,MSFT,BUY,2024-07-11,46,773.48,35580.08,FIFO,PROCESSED
TXN0327,ACC006,AMZN,SELL,2022-03-22,91,572.66,52112.06,SPEC_ID,PROCESSED
TXN0328,ACC026,JPM,BUY,2020-07-12,7,557.89,3905.23,LIFO,PROCESSED
TXN0329,ACC015,GOOGL,BUY,2024-08-13,14,,,LIFO,PROCESSED
TXN0330,ACC005,AAPL,BUY,2021-02-08,48,564.71,27106.08,LIFO,ERROR
TXN0331,ACC030,AAPL,BUY,2023-03-21,17,118.98,2022.66,LIFO,PENDING
TXN0332,ACC014,GOOGL,SELL,2021-07-27,93,346.25,32201.25,LIFO,PROCESSED
TXN0333,ACC027,JPM,BUY,2020-06-28,20,75.99,1519.8,FIFO,PROCESSED
TXN0334,ACC041,AAPL,SELL,2024-05-20,50,152.93,7646.5,FIFO,PROCESSED
TXN0335,ACC025,TSLA,BUY,2020-02-23,62,458.39,28420.18,FIFO,PROCESSED
TXN0336,ACC031,META,BUY,2020-11-22,77,214.27,16498.79,FIFO,PENDING
TXN0337,ACC004,AMZN,SELL,2021-12-27,32,542.65,17364.8,FIFO,PROCESSED
TXN0338,ACC038,AAPL,SELL,2023-03-08,23,227.41,5230.43,SPEC_ID,PROCESSED
TXN0339,ACC032,TSLA,BUY,2022-10-01,19,472.33,8974.27,FIFO,PROCESSED
TXN0340,ACC022,AMZN,BUY,2021-11-28,12,,,FIFO,PROCESSED
TXN0341,ACC008,META,BUY,2022-02-04,42,94.67,3976.14,LIFO,PROCESSED
TXN0342,ACC028,JPM,SELL,2020-12-22,76,125.77,9558.52,SPEC_ID,PROCESSED
TXN0343,ACC012,NVDA,SELL,2024-02-12,89,717.2,63830.8,FIFO,PROCESSED
TXN0344,ACC050,AAPL,BUY,2023-05-18,17,183.28,3115.76,FIFO,PROCESSED
TXN0345,ACC048,MSFT,BUY,2021-12-11,79,215.67,17037.93,FIFO,PROCESSED
TXN0346,ACC047,META,SELL,2020-01-24,22,527.14,11597.08,FIFO,ERROR
TXN0347,ACC001,AAPL,SELL,2022-06-16,27,237.16,6403.32,LIFO,PROCESSED
TXN0348,ACC007,JPM,BUY,2020-11-29,22,713.41,15695.02,LIFO,PROCESSED
TXN0349,ACC007,MSFT,SELL,2020-12-14,10,,,LIFO,PROCESSED
TXN0350,ACC039,JPM,BUY,2022-06-02,21,598.99,12578.79,FIFO,PROCESSED
TXN0351,ACC013,NVDA,SELL,2023-09-14,78,717.31,55950.18,FIFO,PROCESSED
TXN0352,ACC010,AAPL,SELL,2020-01-08,39,228.16,8898.24,LIFO,PROCESSED
TXN0353,ACC002,AMZN,BUY,2023-07-31,12,270.91,3250.92,FIFO,PROCESSED
TXN0354,ACC043,TSLA,BUY,2023-08-07,11,405.18,4456.98,SPEC_ID,PROCESSED
TXN0355,ACC017,JPM,SELL,2021-06-23,50,188.66,9433.0,FIFO,PENDING
TXN0356,ACC043,META,SELL,2024-03-29,35,473.18,16561.3,SPEC_ID,PROCESSED
TXN0357,ACC035,JPM,BUY,2022-09-02,30,465.2,13956.0,FIFO,PENDING
TXN0358,ACC034,GOOGL,BUY,2024-03-30,11,,,LIFO,PENDING
TXN0359,ACC003,NVDA,BUY,2023-10-31,23,761.8,17521.4,LIFO,PROCESSED
TXN0360,ACC047,MSFT,BUY,2022-03-05,26,797.95,20746.7,SPEC_ID,PROCESSED
TXN0361,ACC001,NVDA,BUY,2022-04-28,51,464.04,23666.04,FIFO,PENDING
TXN0362,ACC007,MSFT,SELL,2024-11-11,19,474.95,9024.05,SPEC_ID,PROCESSED
TXN0363,ACC031,AAPL,BUY,2021-07-18,45,708.42,31878.9,LIFO,PROCESSED
TXN0364,ACC022,AMZN,BUY,2024-03-07,19,513.68,9759.92,LIFO,PROCESSED
TXN0365,ACC018,JPM,BUY,2024-11-14,35,722.77,25296.95,FIFO,PROCESSED
TXN0366,ACC047,NVDA,BUY,2021-01-19,18,275.36,4956.48,LIFO,PROCESSED
TXN0367,ACC024,AAPL,BUY,2020-05-14,28,735.07,20581.96,FIFO,PROCESSED
TXN0368,ACC002,GOOGL,BUY,2024-11-27,91,430.1,39139.1,FIFO,PROCESSED
TXN0369,ACC018,META,SELL,2022-10-31,8,237.12,1896.96,LIFO,PROCESSED
TXN0370,ACC029,GOOGL,SELL,2023-04-16,82,742.31,60869.42,SPEC_ID,PROCESSED
TXN0371,ACC006,TSLA,BUY,2022-03-02,45,308.19,13868.55,FIFO,PENDING
TXN0372,ACC015,AMZN,SELL,2023-08-27,21,690.37,14497.77,LIFO,PROCESSED
TXN0373,ACC009,GOOGL,BUY,2021-04-03,0,65.04,0.0,FIFO,PROCESSED
TXN0374,ACC028,NVDA,SELL,2022-07-29,78,653.81,50997.18,FIFO,PROCESSED
TXN0375,ACC007,AAPL,SELL,2023-02-23,28,400.02,11200.56,SPEC_ID,PROCESSED
TXN0376,ACC018,META,SELL,2021-06-18,78,262.01,20436.78,FIFO,PROCESSED
TXN0377,ACC039,NVDA,SELL,2023-10-26,25,162.45,4061.25,FIFO,PROCESSED
TXN0378,ACC026,NVDA,BUY,2023-04-09,93,69.09,6425.37,SPEC_ID,PROCESSED
TXN0379,ACC031,META,SELL,2024-09-27,25,307.38,7684.5,FIFO,PROCESSED
TXN0380,ACC017,GOOGL,SELL,2023-09-02,85,707.37,60126.45,FIFO,PROCESSED
TXN0381,ACC022,META,SELL,2023-04-14,29,316.46,9177.34,FIFO,PROCESSED
TXN0382,ACC040,MSFT,SELL,2024-12-26,60,688.41,41304.6,FIFO,PROCESSED
TXN0383,ACC010,GOOGL,BUY,2021-12-02,65,139.86,9090.9,LIFO,PROCESSED
TXN0384,ACC012,MSFT,SELL,2021-11-12,73,719.63,52532.99,FIFO,ERROR
TXN0385,ACC011,GOOGL,SELL,2024-05-27,41,525.87,21560.67,FIFO,PROCESSED
TXN0386,ACC025,AAPL,BUY,2022-12-29,17,510.86,8684.62,FIFO,PROCESSED
TXN0387,ACC013,AAPL,BUY,2023-07-07,94,329.83,31004.02,FIFO,PROCESSED
TXN0388,ACC038,TSLA,BUY,2020-05-13,29,570.14,16534.06,FIFO,PROCESSED
TXN0389,ACC028,GOOGL,SELL,2022-09-30,39,761.35,29692.65,FIFO,PROCESSED
TXN0390,ACC015,AMZN,BUY,2021-03-08,97,191.32,18558.04,FIFO,ERROR
TXN0391,ACC025,TSLA,BUY,2023-05-01,76,428.48,32564.48,FIFO,PROCESSED
TXN0392,ACC029,NVDA,BUY,2023-01-25,85,,,FIFO,PENDING
TXN0393,ACC027,MSFT,SELL,2023-06-29,0,576.4,0.0,SPEC_ID,PROCESSED
TXN0394,ACC008,TSLA,BUY,2024-05-26,90,152.87,13758.3,FIFO,PENDING
TXN0395,ACC013,META,SELL,2021-08-27,64,198.98,12734.72,FIFO,PROCESSED
TXN0396,ACC016,AAPL,BUY,2023-10-07,6,461.1,2766.6,FIFO,PENDING
TXN0397,ACC033,MSFT,BUY,2021-06-08,15,676.42,10146.3,FIFO,PROCESSED
TXN0398,ACC012,AAPL,SELL,2022-01-07,59,791.5,46698.5,FIFO,PROCESSED
TXN0399,ACC009,GOOGL,SELL,2022-01-02,55,603.91,33215.05,LIFO,PROCESSED
TXN0400,ACC008,NVDA,SELL,2022-07-23,80,251.23,20098.4,FIFO,PROCESSED
TXN0401,ACC011,MSFT,BUY,2023-11-26,50,567.43,28371.5,FIFO,PROCESSED
TXN0402,ACC029,GOOGL,SELL,2024-05-14,21,127.78,2683.38,FIFO,PENDING
TXN0403,ACC009,JPM,SELL,2020-08-19,79,71.61,5657.19,LIFO,PROCESSED
TXN0404,ACC044,AMZN,SELL,2022-11-29,57,84.48,4815.36,SPEC_ID,PROCESSED
TXN0405,ACC023,NVDA,BUY,2024-09-14,89,575.44,51214.16,SPEC_ID,PROCESSED
TXN0406,ACC032,GOOGL,BUY,2024-03-18,79,90.92,7182.68,LIFO,PROCESSED
TXN0407,ACC042,NVDA,SELL,2024-07-31,42,230.67,9688.14,FIFO,ERROR
TXN0408,ACC029,META,BUY,2022-10-15,11,394.32,4337.52,FIFO,PENDING
TXN0409,ACC039,TSLA,BUY,2023-09-02,14,352.58,4936.12,LIFO,PROCESSED
TXN0410,ACC036,JPM,SELL,2024-01-06,44,322.51,14190.44,LIFO,PROCESSED
TXN0411,ACC041,TSLA,SELL,2023-12-08,15,,,FIFO,PROCESSED
TXN0412,ACC027,MSFT,SELL,2023-06-05,6,722.66,4335.96,FIFO,PROCESSED
TXN0413,ACC013,META,BUY,2024-03-30,25,140.56,3514.0,LIFO,PENDING
TXN0414,ACC029,JPM,BUY,2022-10-18,6,744.97,4469.82,FIFO,PENDING
TXN0415,ACC033,GOOGL,BUY,2024-02-05,68,602.16,40946.88,FIFO,PROCESSED
TXN0416,ACC025,NVDA,BUY,2021-07-14,14,340.55,4767.7,LIFO,PROCESSED
TXN0417,ACC045,TSLA,SELL,2023-12-28,44,777.87,34226.28,SPEC_ID,PROCESSED
TXN0418,ACC044,GOOGL,BUY,2022-10-28,81,213.01,17253.81,SPEC_ID,PROCESSED
TXN0419,ACC038,NVDA,SELL,2024-12-02,89,527.66,46961.74,LIFO,PROCESSED
TXN0420,ACC013,TSLA,BUY,2021-08-09,2,442.05,884.1,FIFO,PROCESSED
TXN0421,ACC003,META,SELL,2020-07-28,19,679.54,12911.26,SPEC_ID,PROCESSED
TXN0422,ACC016,TSLA,BUY,2022-02-20,87,604.62,52601.94,LIFO,PENDING
TXN0423,ACC001,TSLA,BUY,2023-06-24,54,767.53,41446.62,LIFO,ERROR
TXN0424,ACC035,AMZN,BUY,2021-08-25,29,733.61,21274.69,LIFO,PROCESSED
TXN0425,ACC008,NVDA,BUY,2022-05-27,23,787.59,18114.57,FIFO,PROCESSED
TXN0426,ACC030,GOOGL,BUY,2020-11-10,0,248.18,0.0,FIFO,PROCESSED
TXN0427,ACC032,META,BUY,2024-05-24,77,88.14,6786.78,FIFO,ERROR
TXN0428,ACC027,NVDA,BUY,2021-12-16,68,214.97,14617.96,FIFO,PROCESSED
TXN0429,ACC040,JPM,BUY,2020-08-22,28,547.5,15330.0,FIFO,PROCESSED
TXN0430,ACC003,META,SELL,2024-06-18,58,230.26,13355.08,FIFO,PROCESSED
TXN0431,ACC050,META,SELL,2022-09-23,50,,,FIFO,PROCESSED
TXN0432,ACC011,AAPL,BUY,2021-03-07,38,723.71,27500.98,FIFO,PROCESSED
TXN0433,ACC048,NVDA,BUY,2024-03-09,88,368.16,32398.08,FIFO,PROCESSED
TXN0434,ACC017,MSFT,BUY,2021-06-13,4,394.42,1577.68,LIFO,PROCESSED
TXN0435,ACC008,AAPL,BUY,2024-03-28,50,388.34,19417.0,SPEC_ID,PROCESSED
TXN0436,ACC044,TSLA,BUY,2021-07-30,6,575.66,3453.96,LIFO,PROCESSED
TXN0437,ACC009,NVDA,SELL,2023-07-22,49,346.33,16970.17,FIFO,PROCESSED
TXN0438,ACC024,AAPL,BUY,2020-09-09,39,557.97,21760.83,FIFO,PENDING
TXN0439,ACC014,META,BUY,2022-04-25,1,479.54,479.54,SPEC_ID,PROCESSED
TXN0440,ACC012,AAPL,SELL,2023-08-13,19,170.72,3243.68,SPEC_ID,PROCESSED
TXN0441,ACC032,META,SELL,2020-09-19,10,267.99,2679.9,FIFO,PROCESSED
TXN0442,ACC022,TSLA,BUY,2023-03-04,13,263.85,3430.05,SPEC_ID,PROCESSED
TXN0443,ACC015,NVDA,SELL,2024-09-16,47,655.77,30821.19,FIFO,ERROR
TXN0444,ACC050,TSLA,SELL,2023-02-03,18,559.69,10074.42,FIFO,PROCESSED
TXN0445,ACC035,AMZN,SELL,2024-02-11,23,534.16,12285.68,FIFO,PROCESSED
TXN0446,ACC038,NVDA,BUY,2020-03-16,94,106.55,10015.7,SPEC_ID,PROCESSED
TXN0447,ACC024,NVDA,BUY,2024-12-30,34,457.6,15558.4,SPEC_ID,ERROR
TXN0448,ACC024,AAPL,BUY,2024-10-02,94,692.87,65129.78,SPEC_ID,PROCESSED
TXN0449,ACC037,GOOGL,SELL,2022-01-04,88,174.38,15345.44,FIFO,PROCESSED
TXN0450,ACC043,AMZN,SELL,2022-03-05,29,621.1,18011.9,LIFO,PROCESSED
TXN0451,ACC034,TSLA,SELL,2023-03-31,59,711.16,41958.44,SPEC_ID,PROCESSED
TXN0452,ACC005,TSLA,SELL,2021-04-01,73,180.39,13168.47,SPEC_ID,PROCESSED
TXN0453,ACC039,AAPL,BUY,2022-06-19,52,314.67,16362.84,FIFO,PENDING
TXN0454,ACC024,MSFT,BUY,2022-04-29,30,107.82,3234.6,FIFO,PROCESSED
TXN0455,ACC042,NVDA,BUY,2021-05-14,93,135.0,12555.0,FIFO,PROCESSED
TXN0456,ACC037,GOOGL,BUY,2020-12-06,17,480.11,8161.87,FIFO,PROCESSED
TXN0457,ACC047,TSLA,BUY,2021-03-19,24,437.48,10499.52,LIFO,PROCESSED
TXN0458,ACC039,GOOGL,BUY,2023-06-30,78,794.58,61977.24,SPEC_ID,PENDING
TXN0459,ACC005,AMZN,SELL,2022-02-28,34,175.79,5976.86,FIFO,PROCESSED
TXN0460,ACC010,MSFT,BUY,2022-09-01,14,62.42,873.88,SPEC_ID,PROCESSED
TXN0461,ACC031,GOOGL,BUY,2024-05-05,77,79.28,6104.56,LIFO,PROCESSED
TXN0462,ACC031,NVDA,SELL,2023-04-21,67,365.51,24489.17,SPEC_ID,PENDING
TXN0463,ACC006,TSLA,SELL,2021-06-11,13,369.12,4798.56,FIFO,PROCESSED
TXN0464,ACC001,NVDA,BUY,2023-11-09,1,581.86,581.86,FIFO,PROCESSED
TXN0465,ACC035,NVDA,SELL,2023-06-07,53,321.7,17050.1,FIFO,PROCESSED
TXN0466,ACC012,META,SELL,2021-06-03,88,348.09,30631.92,FIFO,PROCESSED
TXN0467,ACC043,MSFT,BUY,2022-07-03,74,308.27,22811.98,FIFO,PROCESSED
TXN0468,ACC045,AAPL,BUY,2022-03-07,13,210.84,2740.92,FIFO,PROCESSED
TXN0469,ACC017,AMZN,SELL,2020-06-12,12,667.44,8009.28,SPEC_ID,PROCESSED
TXN0470,ACC019,AAPL,BUY,2023-08-04,5,593.37,2966.85,LIFO,ERROR
TXN0471,ACC013,AAPL,BUY,2023-06-13,57,58.03,3307.71,FIFO,PENDING
TXN0472,ACC018,NVDA,SELL,2023-10-03,87,,,LIFO,PROCESSED
TXN0473,ACC006,TSLA,SELL,2021-12-12,52,489.56,25457.12,FIFO,PROCESSED
TXN0474,ACC017,GOOGL,SELL,2022-11-02,29,504.77,14638.33,FIFO,PROCESSED
TXN0475,ACC017,TSLA,SELL,2022-02-11,72,104.29,7508.88,SPEC_ID,PROCESSED
TXN0476,ACC030,AAPL,SELL,2020-08-26,62,627.48,38903.76,FIFO,PROCESSED
TXN0477,ACC021,NVDA,SELL,2022-11-23,9,337.0,3033.0,SPEC_ID,PROCESSED
TXN0478,ACC048,META,BUY,2023-02-09,2,575.61,1151.22,FIFO,PROCESSED
TXN0479,ACC048,AMZN,SELL,2024-02-18,61,285.4,17409.4,FIFO,PROCESSED
TXN0480,ACC016,META,BUY,2024-05-14,31,601.57,18648.67,FIFO,PENDING
TXN0481,ACC049,AAPL,SELL,2022-01-30,16,740.14,11842.24,SPEC_ID,PROCESSED
TXN0482,ACC032,GOOGL,SELL,2022-03-25,41,419.26,17189.66,FIFO,ERROR
TXN0483,ACC035,AAPL,SELL,2022-03-17,97,482.5,46802.5,FIFO,PROCESSED
TXN0484,ACC001,AMZN,SELL,2023-04-04,59,782.38,46160.42,FIFO,PROCESSED
TXN0485,ACC018,JPM,SELL,2022-01-19,42,321.2,13490.4,FIFO,PENDING
TXN0486,ACC026,TSLA,SELL,2021-01-03,64,367.96,23549.44,SPEC_ID,PROCESSED
TXN0487,ACC016,NVDA,SELL,2021-02-05,17,784.45,13335.65,FIFO,PROCESSED
TXN0488,ACC041,META,SELL,2021-09-06,95,162.16,15405.2,FIFO,PENDING
TXN0489,ACC014,TSLA,SELL,2024-09-14,72,693.88,49959.36,FIFO,PROCESSED
TXN0490,ACC017,META,BUY,2022-04-23,58,608.44,35289.52,FIFO,PROCESSED
TXN0491,ACC042,GOOGL,SELL,2021-12-28,45,700.53,31523.85,FIFO,ERROR
TXN0492,ACC040,TSLA,SELL,2023-07-17,87,432.83,37656.21,FIFO,PROCESSED
TXN0493,ACC026,MSFT,BUY,2020-11-27,22,530.44,11669.68,FIFO,ERROR
TXN0494,ACC026,TSLA,SELL,2024-05-18,30,285.11,8553.3,FIFO,PROCESSED
TXN0495,ACC002,GOOGL,BUY,2023-09-17,96,490.19,47058.24,FIFO,ERROR
TXN0496,ACC005,JPM,BUY,2020-02-23,96,575.52,55249.92,LIFO,PROCESSED
TXN0497,ACC042,NVDA,SELL,2021-04-14,68,623.75,42415.0,FIFO,PROCESSED
TXN0498,ACC002,AAPL,SELL,2024-10-28,95,263.13,24997.35,FIFO,PROCESSED
TXN0499,ACC009,GOOGL,SELL,2023-07-16,61,400.4,24424.4,SPEC_ID,PENDING
TXN0500,ACC035,AMZN,BUY,2022-06-23,56,442.59,24785.04,FIFO,PROCESSED
